Name,mse_mean,r2_mean,mse_std,r2_std
LinearRegression,-10369.323156874692,0.2900964472480282,740.7704762171312,0.0236468353598204
RandomForestRegressor,-2510.551738279756,0.8296177249823471,506.006441503954,0.025552934787271834
KNeighborsRegressor,-2350.9153510520487,0.8399493694172301,545.6627731098364,0.026496199161737715
PLSRegression,-10391.988588162632,0.2885748829502534,749.9878195086859,0.023747165042094884
DecisionTreeRegressor,-4559.081510167654,0.6808230590250345,615.6167508095871,0.06068103855468547
