;Name;mse_mean;r2_mean;mse_std;r2_std
0;LinearRegression;-10380.287152;0.296299;784.396859;0.019429
1;RandomForestRegressor;-2564.272832;0.827098;604.629824;0.031868
2;KNeighborsRegressor;-3293.784514;0.777552;640.676823;0.030952
3;PLSRegression;-10404.118571;0.294692;791.722379;0.020278
4;DecisionTreeRegressor;-4789.491371;0.682190;964.278203;0.054733