Name,mse_mean,r2_mean,mse_std,r2_std
LinearRegression,-10470.826479436804,0.29648429174676966,720.1535649211279,0.02790806246232789
RandomForestRegressor,-2588.649258725096,0.8271152693583935,561.198360467155,0.030640264806600804
KNeighborsRegressor,-3290.164966109794,0.7792563409338508,500.45641984446246,0.02733833321170637
PLSRegression,-10495.444889183107,0.29484789080112445,725.6032883683447,0.027934486494860137
DecisionTreeRegressor,-4641.361712359466,0.6790982321817629,445.06870186981405,0.03232824060855053
